"no","name","a1","a2","a3","x1","x2","x3","x4","y1","y2","y3"
1001,"kosaki",43.062335637705,51.4093321860365,39.7143344574746,2,1,1,7,0.121551732067019,0.301160692470148,0.549492176622152
1002,"chitoge",32.3317094264366,66.2566363394115,59.5144749021716,3,9,9,6,0.300816507777199,0.0678323188330978,0.436968823196366
1003,"tsugumi",56.2253596553465,63.9007795637564,67.8797558154147,4,2,10,8,0.913935404969379,0.0757981408387423,0.361355134285986
1004,"marika",70.1667634982695,41.2201266380815,73.805406569724,5,7,6,9,0.707011502701789,0.500530620105565,0.745382110821083
